ticker,timestamp,ticker_exists,chain_exists
SPY,2025-03-14T17:30:03.819014,True,True
AAPL,2025-03-13T22:00:00,True,True
MSFT,2025-03-13T22:00:00,True,True
GOOGL,2025-03-13T22:00:00,True,True
AMZN,2025-03-13T22:00:00,True,True
MSTR,2025-03-13T21:55:23.761750,True,True
CRM,2025-03-13T21:55:23.761750,True,True
VOO,2025-03-13T21:55:23.761750,True,True
AVGO,2025-03-13T21:55:23.761750,True,True
QQQ,2025-03-13T21:55:23.761750,True,True
ADBE,2025-03-13T21:55:23.761750,True,True
GOOG,2025-03-13T21:55:23.761750,True,True
COIN,2025-03-13T21:55:23.761750,True,True
TSM,2025-03-13T21:55:23.761750,True,True
TSLA,2025-03-13T21:55:23.761750,True,True
NVDA,2025-03-13T21:55:23.761750,True,True
ROKU,2025-03-13T21:55:23.761750,True,True
^VIX,2025-03-13T21:55:23.761750,True,True
SHOP,2025-03-13T21:55:23.761750,True,True
VZ,2025-03-13T21:55:23.761750,True,True
LLY,2025-03-13T21:55:23.761750,True,True
INTC,2025-03-13T21:55:23.761750,True,True
TSMC,2025-03-13T21:58:39.099884,True,True
META,2025-03-13T22:14:22.483298,True,True
NET,2025-03-14T15:58:47.491132,True,True
