{
  "COIN": {
    "first_added": "2025-03-14T15:40:20.401308",
    "last_accessed": "2025-03-14T15:40:20.401308",
    "access_count": 1
  },
  "ADBE": {
    "first_added": "2025-03-14T15:40:20.401308",
    "last_accessed": "2025-03-14T15:40:20.401308",
    "access_count": 1
  },
  "MSTR": {
    "first_added": "2025-03-14T15:40:20.401308",
    "last_accessed": "2025-03-14T15:40:20.401308",
    "access_count": 1
  },
  "VOO": {
    "first_added": "2025-03-14T15:40:20.401308",
    "last_accessed": "2025-03-14T15:41:13.343087",
    "access_count": 3
  },
  "QQQ": {
    "first_added": "2025-03-14T15:40:20.401308",
    "last_accessed": "2025-03-14T15:40:20.401308",
    "access_count": 1
  },
  "NET": {
    "first_added": "2025-03-14T15:40:20.401308",
    "last_accessed": "2025-03-14T15:40:20.401308",
    "access_count": 1
  },
  "TSLA": {
    "first_added": "2025-03-14T15:40:20.401308",
    "last_accessed": "2025-03-14T15:40:20.401308",
    "access_count": 1
  },
  "AAPL": {
    "first_added": "2025-03-14T15:40:20.401308",
    "last_accessed": "2025-03-14T15:42:26.494196",
    "access_count": 3
  },
  "LLY": {
    "first_added": "2025-03-14T15:40:20.401308",
    "last_accessed": "2025-03-14T15:40:20.401308",
    "access_count": 1
  },
  "META": {
    "first_added": "2025-03-14T15:40:20.401308",
    "last_accessed": "2025-03-14T15:40:20.401308",
    "access_count": 1
  },
  "NVDA": {
    "first_added": "2025-03-14T15:40:20.401308",
    "last_accessed": "2025-03-14T15:40:20.401308",
    "access_count": 1
  },
  "INTC": {
    "first_added": "2025-03-14T15:40:20.401308",
    "last_accessed": "2025-03-14T15:40:20.401308",
    "access_count": 1
  },
  "TSM": {
    "first_added": "2025-03-14T15:40:20.401308",
    "last_accessed": "2025-03-14T15:40:20.401308",
    "access_count": 1
  },
  "SPY": {
    "first_added": "2025-03-14T15:40:20.401308",
    "last_accessed": "2025-03-14T15:42:05.151373",
    "access_count": 5
  },
  "VZ": {
    "first_added": "2025-03-14T15:40:20.401308",
    "last_accessed": "2025-03-14T15:40:20.401308",
    "access_count": 1
  },
  "AVGO": {
    "first_added": "2025-03-14T15:40:20.401308",
    "last_accessed": "2025-03-14T15:40:20.401308",
    "access_count": 1
  },
  "AMZN": {
    "first_added": "2025-03-14T15:40:20.401308",
    "last_accessed": "2025-03-14T15:40:20.401308",
    "access_count": 1
  },
  "GOOGL": {
    "first_added": "2025-03-14T15:40:20.401308",
    "last_accessed": "2025-03-14T15:40:20.401308",
    "access_count": 1
  },
  "MSFT": {
    "first_added": "2025-03-14T15:40:20.401308",
    "last_accessed": "2025-03-14T15:42:31.688040",
    "access_count": 3
  },
  "SHOP": {
    "first_added": "2025-03-14T15:40:20.401308",
    "last_accessed": "2025-03-14T15:40:20.401308",
    "access_count": 1
  },
  "GOOG": {
    "first_added": "2025-03-14T15:40:20.401308",
    "last_accessed": "2025-03-14T15:40:20.401308",
    "access_count": 1
  },
  "ROKU": {
    "first_added": "2025-03-14T15:40:20.401308",
    "last_accessed": "2025-03-14T15:40:20.401308",
    "access_count": 1
  },
  "^VIX": {
    "first_added": "2025-03-14T15:40:20.401308",
    "last_accessed": "2025-03-14T15:40:20.401308",
    "access_count": 1
  },
  "CRM": {
    "first_added": "2025-03-14T15:40:20.401308",
    "last_accessed": "2025-03-14T15:40:20.401308",
    "access_count": 1
  },
  "DWI": {
    "first_added": "2025-03-14T15:41:18.817671",
    "last_accessed": "2025-03-14T15:47:08.178320",
    "access_count": 12
  },
  "DWJ": {
    "first_added": "2025-03-14T15:41:27.058582",
    "last_accessed": "2025-03-14T15:47:06.159372",
    "access_count": 15
  }
}